{
  "Flour_kg_mean": 2.9728582525873857,
  "Flour_kg_std": 1.1576988362647225,
  "Flour_kg_min": 0.032027986961656214,
  "Flour_kg_max": 1.5797024442219785,
  "Flour_kg_median": 2.358189362321595,
  "Flour_kg_range": 0.6534231827975796,
  "Flour_kg_q25": 2.3818348674970355,
  "Flour_kg_q75": 1.0987526802550929,
  "Flour_kg_iqr": 0.24367790001747322,
  "Flour_kg_skewness": 0.43866032674535377,
  "Flour_kg_kurtosis": 0.05663593649906786,
  "Flour_kg_cv": 0.934593187780229,
  "Flour_kg_trend_slope": 0.8375443824764287,
  "Flour_kg_trend_r2": 1.2106221415134748,
  "Flour_kg_trend_pvalue": 0.4480185393279747,
  "Flour_kg_num_peaks": 0.11928614065271011,
  "Flour_kg_num_valleys": 1.4936358441964501,
  "Sugar_kg_mean": 0.15116918556678074,
  "Sugar_kg_std": 0.06617438080112004,
  "Sugar_kg_min": 0.19848153118374878,
  "Sugar_kg_max": 1.009694959140092,
  "Sugar_kg_median": 0.31311783248745595,
  "Sugar_kg_range": 0.14439208187796632,
  "Sugar_kg_q25": 0.22284048760276953,
  "Sugar_kg_q75": 0.002277413555049479,
  "Sugar_kg_iqr": 0.1391791409492613,
  "Sugar_kg_skewness": 0.763164033409009,
  "Sugar_kg_kurtosis": 0.8087366550028274,
  "Sugar_kg_cv": 0.08284831944697649,
  "Sugar_kg_trend_slope": 0.023923517996463365,
  "Sugar_kg_trend_r2": 2.882556022687637,
  "Sugar_kg_trend_pvalue": 2.809621154275156,
  "Sugar_kg_num_peaks": 0.5338284822328231,
  "Sugar_kg_num_valleys": 2.6949729687592137,
  "Yeast_kg_mean": 0.23949410997076703,
  "Yeast_kg_std": 0.17983233612204594,
  "Yeast_kg_min": 0.2759917701281435,
  "Yeast_kg_max": 1.6697338063191753,
  "Yeast_kg_median": 0.12217176732646437,
  "Yeast_kg_range": 0.3418889893582398,
  "Yeast_kg_q25": 0.2698836843847685,
  "Yeast_kg_q75": 0.018273209980688564,
  "Yeast_kg_iqr": 0.49749951890808763,
  "Yeast_kg_skewness": 2.220469621293016,
  "Yeast_kg_kurtosis": 0.5732210751778132,
  "Yeast_kg_cv": 0.22017106343989848,
  "Yeast_kg_trend_slope": 0.6175765420918004,
  "Yeast_kg_trend_r2": 0.08372664068277903,
  "Yeast_kg_trend_pvalue": 0.418493175718442,
  "Yeast_kg_num_peaks": 0.07647968704150744,
  "Yeast_kg_num_valleys": 0.0004604703963451423,
  "Salt_kg_mean": 0.20322955084398356,
  "Salt_kg_std": 0.0036645221389972824,
  "Salt_kg_min": 0.5165147757366566,
  "Salt_kg_max": 1.6988093502093047,
  "Salt_kg_median": 0.73869874656635,
  "Salt_kg_range": 0.16801711892043927,
  "Salt_kg_q25": 6.761878357391622e-05,
  "Salt_kg_q75": 8.208787344693036e-05,
  "Salt_kg_iqr": 1.179861173897123e-07,
  "Salt_kg_skewness": 0.09849583664578092,
  "Salt_kg_kurtosis": 0.5753320169179249,
  "Salt_kg_cv": 0.0005265267843717074,
  "Salt_kg_trend_slope": 4.964341211687909e-05,
  "Salt_kg_trend_r2": 1.5412102888249901,
  "Salt_kg_trend_pvalue": 1.8197713108891374,
  "Salt_kg_num_peaks": 0.004629822118883366,
  "Salt_kg_num_valleys": 1.6533452071256518,
  "Water_Temp_C_mean": 2.4060732376208036,
  "Water_Temp_C_std": 0.04881993625264223,
  "Water_Temp_C_min": 0.13532713979314318,
  "Water_Temp_C_max": 4.805817432575321,
  "Water_Temp_C_median": 0.9210527362635369,
  "Water_Temp_C_range": 0.7967064954949933,
  "Water_Temp_C_q25": 1.2088485510671179,
  "Water_Temp_C_q75": 1.6602416909411406,
  "Water_Temp_C_iqr": 0.20767255092808393,
  "Water_Temp_C_skewness": 0.46056947963499356,
  "Water_Temp_C_kurtosis": 0.021188529299505966,
  "Water_Temp_C_cv": 0.02212605679840723,
  "Water_Temp_C_trend_slope": 0.17445444361024143,
  "Water_Temp_C_trend_r2": 1.0361671376350374,
  "Water_Temp_C_trend_pvalue": 0.3353411968710461,
  "Water_Temp_C_num_peaks": 0.01922250445261829,
  "Water_Temp_C_num_valleys": 0.1558233304780141,
  "Mixer_Speed_RPM_mean": 0.5875007233900164,
  "Mixer_Speed_RPM_std": 4.340605152559112,
  "Mixer_Speed_RPM_min": 3.5185197883890784,
  "Mixer_Speed_RPM_max": 0.02999004916156487,
  "Mixer_Speed_RPM_median": 2.110818911987451,
  "Mixer_Speed_RPM_range": 1.1842761846802556,
  "Mixer_Speed_RPM_q25": 3.809709228757371,
  "Mixer_Speed_RPM_q75": 1.181861250526109,
  "Mixer_Speed_RPM_iqr": 4.929924884118131,
  "Mixer_Speed_RPM_skewness": 1.6503499742896892,
  "Mixer_Speed_RPM_kurtosis": 0.08288998970125867,
  "Mixer_Speed_RPM_cv": 3.8387198865438665,
  "Mixer_Speed_RPM_trend_slope": 0.6088742589779518,
  "Mixer_Speed_RPM_trend_r2": 0.13176344971909554,
  "Mixer_Speed_RPM_trend_pvalue": 1.7616752621621332,
  "Mixer_Speed_RPM_num_peaks": 6.701633750001531,
  "Mixer_Speed_RPM_num_valleys": 0.19221877707063373,
  "Mixing_Temp_C_mean": 2.195353007482284,
  "Mixing_Temp_C_std": 1.631080283069839,
  "Mixing_Temp_C_min": 4.321149750948512,
  "Mixing_Temp_C_max": 0.8829143513970242,
  "Mixing_Temp_C_median": 3.959034432580584,
  "Mixing_Temp_C_range": 7.326379880523961,
  "Mixing_Temp_C_q25": 0.0009031311573093775,
  "Mixing_Temp_C_q75": 0.5606305523117295,
  "Mixing_Temp_C_iqr": 0.22920711073034994,
  "Mixing_Temp_C_skewness": 1.8821750079069401,
  "Mixing_Temp_C_kurtosis": 0.7947132348605668,
  "Mixing_Temp_C_cv": 1.4430355919497635,
  "Mixing_Temp_C_trend_slope": 0.015411763037741305,
  "Mixing_Temp_C_trend_r2": 0.9442626897396152,
  "Mixing_Temp_C_trend_pvalue": 3.5445895595328585,
  "Mixing_Temp_C_num_peaks": 0.9514897005313139,
  "Mixing_Temp_C_num_valleys": 2.6269097697227033,
  "Fermentation_Temp_C_mean": 0.05190874151107946,
  "Fermentation_Temp_C_std": 10.935309729903402,
  "Fermentation_Temp_C_min": 0.9342718408907169,
  "Fermentation_Temp_C_max": 0.12325027655428722,
  "Fermentation_Temp_C_median": 1.0503887446284241,
  "Fermentation_Temp_C_range": 1.342086563452025,
  "Fermentation_Temp_C_q25": 1.964909934700176,
  "Fermentation_Temp_C_q75": 2.620537079809931,
  "Fermentation_Temp_C_iqr": 11.586324403605039,
  "Fermentation_Temp_C_skewness": 0.00042261868850059045,
  "Fermentation_Temp_C_kurtosis": 10.086990490226508,
  "Fermentation_Temp_C_cv": 11.031109942553734,
  "Fermentation_Temp_C_trend_slope": 0.23459078069762745,
  "Fermentation_Temp_C_trend_r2": 0.27935723450452715,
  "Fermentation_Temp_C_trend_pvalue": 1.5342929503214382,
  "Fermentation_Temp_C_num_peaks": 0.4389933160103174,
  "Fermentation_Temp_C_num_valleys": 0.5987952590627401,
  "Oven_Temp_C_mean": 0.19623916255615115,
  "Oven_Temp_C_std": 1.463046754582394,
  "Oven_Temp_C_min": 0.0827307427444931,
  "Oven_Temp_C_max": 0.28526996800978105,
  "Oven_Temp_C_median": 0.03875782463689519,
  "Oven_Temp_C_range": 0.04994674378322886,
  "Oven_Temp_C_q25": 3.1448354477168117,
  "Oven_Temp_C_q75": 0.057348243694045425,
  "Oven_Temp_C_iqr": 1.2303174718928076,
  "Oven_Temp_C_skewness": 1.9032631875509107,
  "Oven_Temp_C_kurtosis": 1.0517120710751307,
  "Oven_Temp_C_cv": 1.4719422032252045,
  "Oven_Temp_C_trend_slope": 1.1823269588906855,
  "Oven_Temp_C_trend_r2": 2.597575527606704,
  "Oven_Temp_C_trend_pvalue": 0.4855459359798159,
  "Oven_Temp_C_num_peaks": 0.5053698219401273,
  "Oven_Temp_C_num_valleys": 0.03427680904941997,
  "Oven_Humidity_pct_mean": 0.07837714685635133,
  "Oven_Humidity_pct_std": 0.6181226715837378,
  "Oven_Humidity_pct_min": 0.034256925827363886,
  "Oven_Humidity_pct_max": 0.07102891249990131,
  "Oven_Humidity_pct_median": 0.5673114068932396,
  "Oven_Humidity_pct_range": 0.10254795881490075,
  "Oven_Humidity_pct_q25": 0.4677514656892288,
  "Oven_Humidity_pct_q75": 0.41213038504400695,
  "Oven_Humidity_pct_iqr": 1.093517092749654,
  "Oven_Humidity_pct_skewness": 0.03459729190315074,
  "Oven_Humidity_pct_kurtosis": 0.07790584816408587,
  "Oven_Humidity_pct_cv": 0.6030542337363805,
  "Oven_Humidity_pct_trend_slope": 0.9404120285056597,
  "Oven_Humidity_pct_trend_r2": 0.20044883460969495,
  "Oven_Humidity_pct_trend_pvalue": 0.8410097369547803,
  "Oven_Humidity_pct_num_peaks": 0.4681502843772673,
  "Oven_Humidity_pct_num_valleys": 3.228217464713908e-05,
  "batch_duration": 0.07900911809851985,
  "time_steps": 0.721180934704584,
  "avg_time_step": 1.0036847482012348,
  "time_consistency": 0.7432725546242434,
  "time_regularity": 0.8430124894215096,
  "Water_Temp_C_Mixing_Temp_C_diff_mean": 0.4799308490936413,