{
  "Flour_kg_mean": 1.9890443557382886,
  "Flour_kg_std": 0.41455751385467415,
  "Flour_kg_min": 0.059753865680273216,
  "Flour_kg_max": 0.10856541980945977,
  "Flour_kg_median": 0.6167400718316975,
  "Flour_kg_range": 0.20259256522299243,
  "Flour_kg_q25": 1.9031855752648623,
  "Flour_kg_q75": 3.8993949094008102,
  "Flour_kg_iqr": 0.17430155547295603,
  "Flour_kg_skewness": 0.5018810662140675,
  "Flour_kg_kurtosis": 0.0001302234110235308,
  "Flour_kg_cv": 0.31294533225888516,
  "Flour_kg_trend_slope": 0.28580893119769774,
  "Flour_kg_trend_r2": 0.0029900494993359192,
  "Flour_kg_trend_pvalue": 0.31204504108558073,
  "Flour_kg_num_peaks": 0.7764944531231852,
  "Flour_kg_num_valleys": 0.26374758898440676,
  "Sugar_kg_mean": 4.760097544468354,
  "Sugar_kg_std": 2.265796395878746,
  "Sugar_kg_min": 0.03501204218735062,
  "Sugar_kg_max": 5.274873854016796,
  "Sugar_kg_median": 5.163124253283493,
  "Sugar_kg_range": 1.8020216402114373,
  "Sugar_kg_q25": 2.982964869933638,
  "Sugar_kg_q75": 7.982431171148326,
  "Sugar_kg_iqr": 0.6412316388544113,
  "Sugar_kg_skewness": 1.5172906593147186,
  "Sugar_kg_kurtosis": 0.06143276175165144,
  "Sugar_kg_cv": 1.9120793364203093,
  "Sugar_kg_trend_slope": 0.3832999090905044,
  "Sugar_kg_trend_r2": 0.04853144773635217,
  "Sugar_kg_trend_pvalue": 0.1810812958397146,
  "Sugar_kg_num_peaks": 11.746674663434442,
  "Sugar_kg_num_valleys": 1.8081597955072013,
  "Yeast_kg_mean": 0.07695178040376394,
  "Yeast_kg_std": 0.09963981415484145,
  "Yeast_kg_min": 0.9728671273484933,
  "Yeast_kg_max": 2.760216074411407,
  "Yeast_kg_median": 0.059286293172509184,
  "Yeast_kg_range": 0.2802385013353831,
  "Yeast_kg_q25": 0.023443611628116375,
  "Yeast_kg_q75": 0.011982362156097846,
  "Yeast_kg_iqr": 0.001036049055270067,
  "Yeast_kg_skewness": 3.37469719955843,
  "Yeast_kg_kurtosis": 0.059152571530920836,
  "Yeast_kg_cv": 0.09244705785064593,
  "Yeast_kg_trend_slope": 4.173207316626485,
  "Yeast_kg_trend_r2": 2.7786516184814953,
  "Yeast_kg_trend_pvalue": 1.15221351748897,
  "Yeast_kg_num_peaks": 0.29812579271919665,
  "Yeast_kg_num_valleys": 1.5422897615743538,
  "Salt_kg_mean": 1.6201586474243044,
  "Salt_kg_std": 0.1166543169399817,
  "Salt_kg_min": 1.0766776064109957,
  "Salt_kg_max": 0.4475962617227931,
  "Salt_kg_median": 2.7427457191807916,
  "Salt_kg_range": 1.555622587201554,
  "Salt_kg_q25": 1.5023074512895703e-08,
  "Salt_kg_q75": 3.89981573270719,
  "Salt_kg_iqr": 2.2003300868947604,
  "Salt_kg_skewness": 0.9281353393190048,
  "Salt_kg_kurtosis": 1.065250138842987,
  "Salt_kg_cv": 0.05790217773749511,
  "Salt_kg_trend_slope": 0.9924247839413668,
  "Salt_kg_trend_r2": 0.02070500552060126,
  "Salt_kg_trend_pvalue": 0.220563118599597,
  "Salt_kg_num_peaks": 1.6238307220962465,
  "Salt_kg_num_valleys": 0.4619170301327233,
  "Water_Temp_C_mean": 0.7011021332807779,
  "Water_Temp_C_std": 0.16551284173585495,
  "Water_Temp_C_min": 0.06859363422988653,
  "Water_Temp_C_max": 0.42445922830786326,
  "Water_Temp_C_median": 0.01630988322012429,
  "Water_Temp_C_range": 0.40488256174760817,
  "Water_Temp_C_q25": 1.695550449745944,
  "Water_Temp_C_q75": 0.5316882125835154,
  "Water_Temp_C_iqr": 0.7005222646384298,
  "Water_Temp_C_skewness": 0.8766401787789393,
  "Water_Temp_C_kurtosis": 1.214448275810848,
  "Water_Temp_C_cv": 0.18709946132818722,
  "Water_Temp_C_trend_slope": 0.6788833663073477,
  "Water_Temp_C_trend_r2": 4.792357868490443,
  "Water_Temp_C_trend_pvalue": 2.841201630167046,
  "Water_Temp_C_num_peaks": 0.03251648509871727,
  "Water_Temp_C_num_valleys": 0.02300219264721886,
  "Mixer_Speed_RPM_mean": 1.1451435838651558,
  "Mixer_Speed_RPM_std": 3.176973137986278,
  "Mixer_Speed_RPM_min": 0.239803316011047,
  "Mixer_Speed_RPM_max": 2.079318315680435,
  "Mixer_Speed_RPM_median": 1.1213191483528717,
  "Mixer_Speed_RPM_range": 2.048116566372966,
  "Mixer_Speed_RPM_q25": 2.0278054632789577,
  "Mixer_Speed_RPM_q75": 0.6111474766469281,
  "Mixer_Speed_RPM_iqr": 2.5094197763260926,
  "Mixer_Speed_RPM_skewness": 1.761366941157177,
  "Mixer_Speed_RPM_kurtosis": 2.798245042034391,
  "Mixer_Speed_RPM_cv": 2.5588645130559358,
  "Mixer_Speed_RPM_trend_slope": 2.727275505678804,
  "Mixer_Speed_RPM_trend_r2": 0.7469543925420761,
  "Mixer_Speed_RPM_trend_pvalue": 1.2941673250413988,
  "Mixer_Speed_RPM_num_peaks": 2.461102356581693,
  "Mixer_Speed_RPM_num_valleys": 0.6177649336332313,
  "Mixing_Temp_C_mean": 0.9065457429377317,
  "Mixing_Temp_C_std": 0.19252542960487318,
  "Mixing_Temp_C_min": 1.4452826528512233,
  "Mixing_Temp_C_max": 4.197101262134892,
  "Mixing_Temp_C_median": 0.012427355631281643,
  "Mixing_Temp_C_range": 7.167951825565364,
  "Mixing_Temp_C_q25": 0.0007864912191446162,
  "Mixing_Temp_C_q75": 3.3233536190815243,
  "Mixing_Temp_C_iqr": 1.3320331659420486,
  "Mixing_Temp_C_skewness": 0.04492880710807973,
  "Mixing_Temp_C_kurtosis": 7.1882070768502295,
  "Mixing_Temp_C_cv": 0.224865153691963,
  "Mixing_Temp_C_trend_slope": 1.9350183615552976,
  "Mixing_Temp_C_trend_r2": 0.00014839225155711158,
  "Mixing_Temp_C_trend_pvalue": 2.3539691030231196,
  "Mixing_Temp_C_num_peaks": 5.667588631149487,
  "Mixing_Temp_C_num_valleys": 2.3177742641746795,
  "Fermentation_Temp_C_mean": 1.8592250154935772,
  "Fermentation_Temp_C_std": 1.76945228352969,
  "Fermentation_Temp_C_min": 0.8902948975514688,
  "Fermentation_Temp_C_max": 0.016232202185827632,
  "Fermentation_Temp_C_median": 1.2407447194293846,
  "Fermentation_Temp_C_range": 0.4002752994095472,
  "Fermentation_Temp_C_q25": 0.11213127681503154,
  "Fermentation_Temp_C_q75": 1.8664993982001385,
  "Fermentation_Temp_C_iqr": 1.4021151345899243,
  "Fermentation_Temp_C_skewness": 0.2697516249935098,
  "Fermentation_Temp_C_kurtosis": 3.12603271339714,
  "Fermentation_Temp_C_cv": 1.7475387963873537,
  "Fermentation_Temp_C_trend_slope": 1.8580081920574911,
  "Fermentation_Temp_C_trend_r2": 0.03995247067037581,
  "Fermentation_Temp_C_trend_pvalue": 0.022226852669666532,
  "Fermentation_Temp_C_num_peaks": 0.5216511569335246,
  "Fermentation_Temp_C_num_valleys": 2.520459680039798,
  "Oven_Temp_C_mean": 0.9158536980222654,
  "Oven_Temp_C_std": 0.12141702725742555,
  "Oven_Temp_C_min": 0.036568709502397934,
  "Oven_Temp_C_max": 0.057400720755345594,
  "Oven_Temp_C_median": 0.6706390990500559,
  "Oven_Temp_C_range": 0.004176625308138488,
  "Oven_Temp_C_q25": 2.89982884089855,
  "Oven_Temp_C_q75": 0.14060278716924024,
  "Oven_Temp_C_iqr": 2.5592741084585624,
  "Oven_Temp_C_skewness": 0.0455353151876515,
  "Oven_Temp_C_kurtosis": 0.733539369832423,
  "Oven_Temp_C_cv": 0.1265027822896111,
  "Oven_Temp_C_trend_slope": 1.2552595485154265,
  "Oven_Temp_C_trend_r2": 0.3162343551952583,
  "Oven_Temp_C_trend_pvalue": 0.04407294328613345,
  "Oven_Temp_C_num_peaks": 1.923301493207077,
  "Oven_Temp_C_num_valleys": 4.935657592306944,
  "Oven_Humidity_pct_mean": 0.6774673812828392,
  "Oven_Humidity_pct_std": 0.22848574186113477,
  "Oven_Humidity_pct_min": 0.8246548190338643,
  "Oven_Humidity_pct_max": 0.11233017140866708,
  "Oven_Humidity_pct_median": 0.578498504941786,
  "Oven_Humidity_pct_range": 0.8308774257155078,
  "Oven_Humidity_pct_q25": 0.17231216733488985,
  "Oven_Humidity_pct_q75": 2.2507586303957776,
  "Oven_Humidity_pct_iqr": 0.2616869301335238,
  "Oven_Humidity_pct_skewness": 0.5848323977641771,
  "Oven_Humidity_pct_kurtosis": 0.27877343592441167,
  "Oven_Humidity_pct_cv": 0.24575202599941298,
  "Oven_Humidity_pct_trend_slope": 0.5868844424189184,
  "Oven_Humidity_pct_trend_r2": 0.4245804451512712,
  "Oven_Humidity_pct_trend_pvalue": 0.1935279363667099,
  "Oven_Humidity_pct_num_peaks": 0.44351997090041473,
  "Oven_Humidity_pct_num_valleys": 1.70542082265211e-05,
  "batch_duration": 1.0798249334676648,
  "time_steps": 2.938885151518967,
  "avg_time_step": 5.1544212585416,
  "time_consistency": 2.468930222896815,
  "time_regularity": 2.962318290128306,
  "Water_Temp_C_Mixing_Temp_C_diff_mean": 0.33121243696037006,
  "Water_Temp_C_Mixing_Temp_C_diff_std": 0.0483689967143103,