{
  "timestamp": "2025-08-24T02:20:12.724930",
  "models_trained": {
    "linear_regression": {
      "scaler": "StandardScaler()",
      "test_metrics": {
        "Final_Weight": {
          "mse": 1.2135447968143833,
          "rmse": 1.1016100929159933,
          "mae": 0.8652456819558759,
          "r2": -0.16588640359877904,
          "mape": 2.069074250324731
        },
        "Quality_Score": {
          "mse": 3.8733792030254386,
          "rmse": 1.9680902426020608,
          "mae": 1.5505230209601666,
          "r2": 0.00875693682244627,
          "mape": 2.098556583450331
        },
        "overall": {
          "avg_r2": -0.07856473338816639,
          "avg_rmse": 1.5348501677590272,
          "avg_mae": 1.2078843514580213
        }
      },
      "model_type": "LinearRegression"
    },
    "ridge_regression": {
      "scaler": "StandardScaler()",
      "best_params": {
        "estimator__alpha": 100.0
      },
      "best_score": -0.04933463095757207,
      "test_metrics": {
        "Final_Weight": {
          "mse": 1.0037829569230514,
          "rmse": 1.0018896929917243,
          "mae": 0.7754722626250967,
          "r2": 0.035637658607368006,
          "mape": 1.9088216953424053
        },
        "Quality_Score": {
          "mse": 3.822007091364964,
          "rmse": 1.9549954197810706,
          "mae": 1.5349895063868637,
          "r2": 0.02190366133742616,
          "mape": 1.9594450992244483
        },
        "overall": {
          "avg_r2": 0.028770659972397084,
          "avg_rmse": 1.4784425563863974,
          "avg_mae": 1.1552308845059802
        }
      },
      "model_type": "RidgeRegression"
    },
    "random_forest": {
      "best_params": {
        "estimator__max_depth": 10,
        "estimator__min_samples_split": 5,
        "estimator__n_estimators": 100
      },
      "best_score": -0.06871003453123015,
      "test_metrics": {
        "Final_Weight": {
          "mse": 1.042012742519644,
          "rmse": 1.020790253930573,
          "mae": 0.7873987762810778,
          "r2": -0.0010907648975295725,
          "mape": 1.9996135247169669
        },
        "Quality_Score": {
          "mse": 4.143613223176641,
          "rmse": 2.035586702446408,
          "mae": 1.599380854503047,
          "r2": -0.06039911113181429,
          "mape": 1.9786271127487376
        },
        "overall": {
          "avg_r2": -0.03074493801467193,
          "avg_rmse": 1.5281884781884907,
          "avg_mae": 1.1933898153920623
        }
      },
      "model_type": "RandomForest"
    },
    "xgboost": {
      "best_params": {
        "estimator__learning_rate": 0.1,
        "estimator__max_depth": 3,
        "estimator__n_estimators": 100
      },
      "best_score": -0.16194589077168497,
      "test_metrics": {
        "Final_Weight": {
          "mse": 1.2226708616959314,
          "rmse": 1.1057444830049714,
          "mae": 0.843775779724121,
          "r2": -0.17465406919438586,
          "mape": 2.2307437648454003
        },
        "Quality_Score": {
          "mse": 4.4470403978512225,
          "rmse": 2.1088007013113454,
          "mae": 1.695051818847656,
          "r2": -0.1380496757449603,
          "mape": 2.0540698578432743
        },
        "overall": {
          "avg_r2": -0.15635187246967308,
          "avg_rmse": 1.6072725921581585,
          "avg_mae": 1.2694137992858885
        }
      },
      "model_type": "XGBoost"
    },
    "neural_network": {
      "scaler": "StandardScaler()",
      "test_metrics": {
        "Final_Weight": {
          "mse": 43.17159037073825,
          "rmse": 6.570509140906681,
          "mae": 5.143690177831128,
          "r2": -40.47615346965915,
          "mape": 10.067401738795958
        },
        "Quality_Score": {
          "mse": 194.53805885808669,
          "rmse": 13.94769009040876,
          "mae": 10.854747344110606,
          "r2": -48.78456568788435,
          "mape": 9.350094968238551
        },
        "overall": {
          "avg_r2": -44.63035957877175,
          "avg_rmse": 10.259099615657721,
          "avg_mae": 7.999218760970868
        }
      },
      "model_type": "NeuralNetwork"
    }
  },
  "best_model": "ridge_regression",
  "feature_importance": {},
  "cross_validation": {},
  "business_impact": {
    "weight_accuracy": 0.9809117830465759,
    "quality_accuracy": 0.9804055490077556,
    "combined_accuracy": 0.9806586660271657,
    "waste_reduction_potential": 7500.0,
    "quality_improvement_potential": 2000.0,
    "total_annual_savings": 9500.0,
    "implementation_cost": 50000.0,
    "roi_percentage": -81.0,
    "payback_months": 63.15789473684211,
    "model_performance_score": 0.028770659972397084
  },
  "best_score": 0.028770659972397084,
  "model_count": 5
}