{
  "timestamp": "2025-08-24T02:27:09.246491",
  "models_trained": {
    "linear_regression": {
      "test_metrics": {
        "Final_Weight": {
          "mse": 0.09505186846631734,
          "rmse": 0.3083048304297507,
          "mae": 0.2562639547039282,
          "r2": 0.7978032817417784,
          "mape": 4.299034699011196
        },
        "Quality_Score": {
          "mse": 4.774657196800278,
          "rmse": 2.1850988986314275,
          "mae": 2.1352223060910744,
          "r2": -0.5647759528286251,
          "mape": 1.713122652130329
        },
        "overall": {
          "avg_r2": 0.11651366445657663,
          "avg_rmse": 1.2467018645305892,
          "avg_mae": 1.1957431303975012
        }
      },
      "model_type": "LinearRegression"
    },
    "ridge_regression": {
      "best_params": {
        "estimator__alpha": 100.0
      },
      "best_score": -1.0251896808215153,
      "test_metrics": {
        "Final_Weight": {
          "mse": 0.08826877300675857,
          "rmse": 0.2971006109161652,
          "mae": 0.27839591495171445,
          "r2": 0.81223245250596,
          "mape": 4.273272529121045
        },
        "Quality_Score": {
          "mse": 2.5276616719982536,
          "rmse": 1.5898621550305088,
          "mae": 1.342211979095174,
          "r2": 0.17162132521680407,
          "mape": 1.3181658607201798
        },
        "overall": {
          "avg_r2": 0.49192688886138203,
          "avg_rmse": 0.943481382973337,
          "avg_mae": 0.8103039470234443
        }
      },
      "model_type": "RidgeRegression"
    },
    "random_forest": {
      "best_params": {
        "estimator__max_depth": 10,
        "estimator__min_samples_split": 2,
        "estimator__n_estimators": 50
      },
      "best_score": -0.24081787372495356,
      "test_metrics": {
        "Final_Weight": {
          "mse": 0.10750641599999877,
          "rmse": 0.32788171037738406,
          "mae": 0.2939199999999985,
          "r2": 0.7713096559000749,
          "mape": 2.9886928991406205
        },
        "Quality_Score": {
          "mse": 2.973906943999937,
          "rmse": 1.7245019408513105,
          "mae": 1.4452799999999968,
          "r2": 0.025375460454062804,
          "mape": 1.4211733857752127
        },
        "overall": {
          "avg_r2": 0.3983425581770689,
          "avg_rmse": 1.0261918256143472,
          "avg_mae": 0.8695999999999977
        }
      },
      "model_type": "RandomForest"
    },
    "xgboost": {
      "best_params": {
        "estimator__learning_rate": 0.3,
        "estimator__max_depth": 3,
        "estimator__n_estimators": 50
      },
      "best_score": -0.17095560104390983,
      "test_metrics": {
        "Final_Weight": {
          "mse": 0.5643123564116846,
          "rmse": 0.7512072659470784,
          "mae": 0.5079467163085951,
          "r2": -0.2004193960631071,
          "mape": 3.297490223885016
        },
        "Quality_Score": {
          "mse": 5.5381857700540795,
          "rmse": 2.353335031408422,
          "mae": 1.9878875732421875,
          "r2": -0.8150035820552337,
          "mape": 0.3299806074511077
        },
        "overall": {
          "avg_r2": -0.5077114890591704,
          "avg_rmse": 1.5522711486777503,
          "avg_mae": 1.2479171447753914
        }
      },
      "model_type": "XGBoost"
    },
    "neural_network": {
      "test_metrics": {
        "Final_Weight": {
          "mse": 228.18097547136313,
          "rmse": 15.105660378525764,
          "mae": 13.855155961077406,
          "r2": -484.39229321534793,
          "mape": 38.770818513123906
        },
        "Quality_Score": {
          "mse": 1106.5136022519705,
          "rmse": 33.26429921480341,
          "mae": 30.38124447020609,
          "r2": -361.6325000760232,
          "mape": 38.338860369829085
        },
        "overall": {
          "avg_r2": -423.01239664568556,
          "avg_rmse": 24.184979796664585,
          "avg_mae": 22.11820021564175
        }
      },
      "model_type": "NeuralNetwork"
    }
  },
  "best_model": "ridge_regression",
  "feature_importance": {},
  "cross_validation": {},
  "business_impact": {
    "weight_accuracy": 0.9572672747087896,
    "quality_accuracy": 0.9868183413927982,
    "combined_accuracy": 0.9720428080507939,
    "waste_reduction_potential": 7500.0,
    "quality_improvement_potential": 2000.0,
    "total_annual_savings": 9500.0,
    "implementation_cost": 50000.0,
    "roi_percentage": -81.0,
    "payback_months": 63.15789473684211,
    "model_performance_score": 0.49192688886138203
  },
  "best_score": 0.49192688886138203,
  "model_count": 5
}