{
  "models_trained": [
    "random_forest",
    "xgboost",
    "neural_network",
    "ridge_regression",
    "elastic_net"
  ],
  "model_scores": {
    "random_forest": 0.6084538561265183,
    "xgboost": 0.9979862097963379,
    "neural_network": 0.3030910849311038,
    "ridge_regression": 0.04390122483559511,
    "elastic_net": 0.013662436985920456
  },
  "best_model": "xgboost",
  "best_score": 0.9979862097963379,
  "ensemble_score": 0.5789260881458074,
  "training_timestamp": "2025-08-24T03:50:04.861296"
}