{
  "timestamp": "2025-08-24T13:59:19.683966",
  "data_overview": {
    "process_data_shape": [
      300,
      12
    ],
    "quality_data_shape": [
      5,
      3
    ],
    "total_batches": 5,
    "time_points_per_batch": 60.0,
    "process_parameters": 10,
    "quality_metrics": 2
  },
  "missing_values": {
    "process_data": {},
    "quality_data": {}
  },
  "data_types": {
    "process_data": {
      "Batch_ID": "int64",
      "Time": "int64",
      "Flour (kg)": "float64",
      "Sugar (kg)": "float64",
      "Yeast (kg)": "float64",
      "Salt (kg)": "float64",
      "Water Temp (C)": "float64",
      "Mixer Speed (RPM)": "float64",
      "Mixing Temp (C)": "float64",
      "Fermentation Temp (C)": "float64",
      "Oven Temp (C)": "float64",
      "Oven Humidity (%)": "float64"
    },
    "quality_data": {
      "Batch_ID": "int64",
      "Final_Weight": "float64",
      "Quality_Score": "float64"
    }
  },
  "statistical_summary": {
    "process_data": {
      "Batch_ID": {
        "mean": 3.0,
        "std": 1.416576493949657,
        "min": 1.0,
        "max": 5.0,
        "median": 3.0,
        "q1": 2.0,
        "q3": 4.0,
        "skewness": 0.0,
        "kurtosis": -1.3
      },
      "Time": {
        "mean": 29.5,
        "std": 17.347038146077605,
        "min": 0.0,
        "max": 59.0,
        "median": 29.5,
        "q1": 14.75,
        "q3": 44.25,
        "skewness": 0.0,
        "kurtosis": -1.2006668519033066
      },
      "Flour (kg)": {
        "mean": 9.980018717450001,
        "std": 0.28756771801936043,
        "min": 9.12318736,
        "max": 10.96263058,
        "median": 9.977438053,
        "q1": 9.794009017,
        "q3": 10.1715146125,
        "skewness": 0.12182098031076924,
        "kurtosis": 0.26109547021729096
      },
      "Sugar (kg)": {
        "mean": 4.995430482580001,
        "std": 0.19701627422475704,
        "min": 4.372297067,
        "max": 5.559795906,
        "median": 4.990699877999999,
        "q1": 4.858051754,
        "q3": 5.12826523625,
        "skewness": 0.08075932184958423,
        "kurtosis": 0.1395498001689255
      },
      "Yeast (kg)": {
        "mean": 1.9963460393699999,
        "std": 0.09921974223958287,
        "min": 1.760534774,
        "max": 2.221826699,
        "median": 2.003013264,
        "q1": 1.92531424225,
        "q3": 2.0689298797499998,
        "skewness": -0.14052150751927422,
        "kurtosis": -0.533014054618945
      },
      "Salt (kg)": {
        "mean": 0.9995361326033333,
        "std": 0.04905517879161494,
        "min": 0.852287553,
        "max": 1.14677031,
        "median": 1.0028107904999999,
        "q1": 0.9631412675,
        "q3": 1.03359955375,
        "skewness": -0.21229975171633722,
        "kurtosis": -0.2151161607706733
      },
      "Water Temp (C)": {
        "mean": 26.471289084000006,
        "std": 0.9177877582644436,
        "min": 24.69971119,
        "max": 28.41630573,
        "median": 26.46464215,
        "q1": 25.7076747925,
        "q3": 27.2078670475,
        "skewness": -0.006334775240520813,
        "kurtosis": -1.0027801744191946
      },
      "Mixer Speed (RPM)": {
        "mean": 150.19413824233334,
        "std": 14.622529098933732,
        "min": 128.4964022,
        "max": 171.1824753,
        "median": 150.8949785,
        "q1": 135.3944951,
        "q3": 164.7965443,
        "skewness": -0.04895279746395826,
        "kurtosis": -1.5473136843286714
      },
      "Mixing Temp (C)": {
        "mean": 37.970295817533334,
        "std": 1.8468019589718947,
        "min": 34.27762958,
        "max": 41.50951578,
        "median": 38.095805195,
        "q1": 36.502354027500004,
        "q3": 39.433488457500005,
        "skewness": -0.07719603884648508,
        "kurtosis": -1.0883146544562778
      },
      "Fermentation Temp (C)": {
        "mean": 36.981290801233335,
        "std": 0.19182411164500573,
        "min": 36.35169723,
        "max": 37.54779883,
        "median": 36.993758185000004,
        "q1": 36.8504950125,
        "q3": 37.105135159999996,
        "skewness": -0.03143400370007609,
        "kurtosis": 0.4947885949788837
      },
      "Oven Temp (C)": {
        "mean": 179.98676584733334,
        "std": 1.0567470621118664,
        "min": 177.0878656,
        "max": 182.6378818,
        "median": 180.00558575000002,
        "q1": 179.31307162500002,
        "q3": 180.749450275,
        "skewness": -0.1610313086339006,
        "kurtosis": -0.3874130491191532
      },
      "Oven Humidity (%)": {
        "mean": 44.951015143333336,
        "std": 1.012126430747551,
        "min": 40.94594992,
        "max": 47.24089965,
        "median": 44.989238920000005,
        "q1": 44.228579495000005,
        "q3": 45.69935572,
        "skewness": -0.23203954496593,
        "kurtosis": 0.013301647774354386
      }
    },
    "quality_data": {
      "Batch_ID": {
        "mean": 3.0,
        "std": 1.5811388300841898,
        "min": 1.0,
        "max": 5.0,
        "median": 3.0
      },
      "Final_Weight": {
        "mean": 45.186,
        "std": 1.1494041934846078,
        "min": 43.83,
        "max": 46.33,
        "median": 45.27
      },
      "Quality_Score": {
        "mean": 95.372,
        "std": 1.7237082119662834,
        "min": 93.64,
        "max": 97.64,
        "median": 95.18
      }
    }
  },
  "data_quality_score": 1.0,
  "recommendations": []
}