{
  "timestamp": "2025-08-24T14:45:14.904399",
  "data_overview": {
    "process_data_shape": [
      720,
      12
    ],
    "quality_data_shape": [
      12,
      3
    ],
    "total_batches": 12,
    "time_points_per_batch": 60.0,
    "process_parameters": 10,
    "quality_metrics": 2
  },
  "missing_values": {
    "process_data": {},
    "quality_data": {}
  },
  "data_types": {
    "process_data": {
      "Batch_ID": "int64",
      "Time": "int64",
      "Flour (kg)": "float64",
      "Sugar (kg)": "float64",
      "Yeast (kg)": "float64",
      "Salt (kg)": "float64",
      "Water Temp (C)": "float64",
      "Mixer Speed (RPM)": "float64",
      "Mixing Temp (C)": "float64",
      "Fermentation Temp (C)": "float64",
      "Oven Temp (C)": "float64",
      "Oven Humidity (%)": "float64"
    },
    "quality_data": {
      "Batch_ID": "int64",
      "Final_Weight": "float64",
      "Quality_Score": "float64"
    }
  },
  "statistical_summary": {
    "process_data": {
      "Batch_ID": {
        "mean": 6.5,
        "std": 3.4544522882739397,
        "min": 1.0,
        "max": 12.0,
        "median": 6.5,
        "q1": 3.75,
        "q3": 9.25,
        "skewness": 0.0,
        "kurtosis": -1.2167832167832167
      },
      "Time": {
        "mean": 29.5,
        "std": 17.33014128448452,
        "min": 0.0,
        "max": 59.0,
        "median": 29.5,
        "q1": 14.75,
        "q3": 44.25,
        "skewness": 0.0,
        "kurtosis": -1.2006668519033066
      },
      "Flour (kg)": {
        "mean": 9.998118610070833,
        "std": 0.29973562387731945,
        "min": 8.872769404,
        "max": 10.9952749,
        "median": 9.9905292455,
        "q1": 9.79790875575,
        "q3": 10.195395725000001,
        "skewness": 0.07001831360017743,
        "kurtosis": 0.20204990702864567
      },
      "Sugar (kg)": {
        "mean": 5.002905110463889,
        "std": 0.19224192764728965,
        "min": 4.372297067,
        "max": 5.559795906,
        "median": 4.9938215505,
        "q1": 4.86568110325,
        "q3": 5.138370768250001,
        "skewness": 0.09062942330727067,
        "kurtosis": -0.24904969901633622
      },
      "Yeast (kg)": {
        "mean": 2.004935095972222,
        "std": 0.1032622790243548,
        "min": 1.704617651,
        "max": 2.285362258,
        "median": 2.0057685395,
        "q1": 1.93640368425,
        "q3": 2.07669331325,
        "skewness": -0.09675407987953906,
        "kurtosis": -0.2102825679261966
      },
      "Salt (kg)": {
        "mean": 0.9983298380791666,
        "std": 0.05023289054253077,
        "min": 0.852287553,
        "max": 1.14677031,
        "median": 0.9989606525,
        "q1": 0.9627007627499999,
        "q3": 1.034338792,
        "skewness": -0.08810652763305113,
        "kurtosis": -0.3560589974897024
      },
      "Water Temp (C)": {
        "mean": 26.47775772620833,
        "std": 0.9215281254804355,
        "min": 24.42534319,
        "max": 28.41630573,
        "median": 26.486872865000002,
        "q1": 25.70099545,
        "q3": 27.2316639175,
        "skewness": -0.011481192552190302,
        "kurtosis": -0.9868929729367522
      },
      "Mixer Speed (RPM)": {
        "mean": 150.20256133402776,
        "std": 14.56338969253359,
        "min": 128.4964022,
        "max": 171.3974763,
        "median": 151.23791755000002,
        "q1": 135.424217575,
        "q3": 164.894307325,
        "skewness": -0.04089498722785139,
        "kurtosis": -1.5515131852118127
      },
      "Mixing Temp (C)": {
        "mean": 37.92605945947222,
        "std": 1.852542913344085,
        "min": 33.74621715,
        "max": 41.7386198,
        "median": 37.97971175,
        "q1": 36.4021251425,
        "q3": 39.4730332475,
        "skewness": -0.07247960246881949,
        "kurtosis": -1.056064091169654
      },
      "Fermentation Temp (C)": {
        "mean": 36.98906878540277,
        "std": 0.19687764475323163,
        "min": 36.35169723,
        "max": 37.68372244,
        "median": 36.99577378,
        "q1": 36.8552939725,
        "q3": 37.115045955,
        "skewness": 0.06822642308026364,
        "kurtosis": 0.22091713602620322
      },
      "Oven Temp (C)": {
        "mean": 179.95609520291666,
        "std": 1.0224283053710552,
        "min": 176.9900589,
        "max": 182.7359602,
        "median": 179.984941,
        "q1": 179.26106092499998,
        "q3": 180.65817420000002,
        "skewness": -0.11429506831286547,
        "kurtosis": -0.2588594524471679
      },
      "Oven Humidity (%)": {
        "mean": 44.984348819888886,
        "std": 1.0187532765953031,
        "min": 40.94594992,
        "max": 48.06750211,
        "median": 45.032514485,
        "q1": 44.2332769775,
        "q3": 45.70642394,
        "skewness": -0.13948697519421108,
        "kurtosis": -0.13057003593790428
      }
    },
    "quality_data": {
      "Batch_ID": {
        "mean": 6.5,
        "std": 3.605551275463989,
        "min": 1.0,
        "max": 12.0,
        "median": 6.5
      },
      "Final_Weight": {
        "mean": 44.225833333333334,
        "std": 0.8278829334604937,
        "min": 42.79,
        "max": 45.32,
        "median": 44.525000000000006
      },
      "Quality_Score": {
        "mean": 93.36916666666666,
        "std": 1.1621724041508206,
        "min": 91.97,
        "max": 95.1,
        "median": 93.15
      }
    }
  },
  "data_quality_score": 1.0,
  "recommendations": []
}