{
  "timestamp": "2025-08-24T07:16:00.374964",
  "data_overview": {
    "process_data_shape": [
      1500,
      12
    ],
    "quality_data_shape": [
      25,
      3
    ],
    "total_batches": 25,
    "time_points_per_batch": 60.0,
    "process_parameters": 10,
    "quality_metrics": 2
  },
  "missing_values": {
    "process_data": {},
    "quality_data": {}
  },
  "data_types": {
    "process_data": {
      "Batch_ID": "int64",
      "Time": "int64",
      "Flour (kg)": "float64",
      "Sugar (kg)": "float64",
      "Yeast (kg)": "float64",
      "Salt (kg)": "float64",
      "Water Temp (C)": "float64",
      "Mixer Speed (RPM)": "float64",
      "Mixing Temp (C)": "float64",
      "Fermentation Temp (C)": "float64",
      "Oven Temp (C)": "float64",
      "Oven Humidity (%)": "float64"
    },
    "quality_data": {
      "Batch_ID": "int64",
      "Final_Weight": "float64",
      "Quality_Score": "float64"
    }
  },
  "statistical_summary": {
    "process_data": {
      "Batch_ID": {
        "mean": 13.0,
        "std": 7.213507454296797,
        "min": 1.0,
        "max": 25.0,
        "median": 13.0,
        "q1": 7.0,
        "q3": 19.0,
        "skewness": 0.0,
        "kurtosis": -1.2038461538461538
      },
      "Time": {
        "mean": 29.5,
        "std": 17.323877871202246,
        "min": 0.0,
        "max": 59.0,
        "median": 29.5,
        "q1": 14.75,
        "q3": 44.25,
        "skewness": 0.0,
        "kurtosis": -1.2006668519033066
      },
      "Flour (kg)": {
        "mean": 9.997708192264668,
        "std": 0.29703436203878536,
        "min": 8.872769404,
        "max": 10.9952749,
        "median": 9.998974900499999,
        "q1": 9.79688953175,
        "q3": 10.19535565,
        "skewness": 0.017949711849404307,
        "kurtosis": 0.07066688549994415
      },
      "Sugar (kg)": {
        "mean": 4.999799259914667,
        "std": 0.1902337693071163,
        "min": 4.340117911,
        "max": 5.559795906,
        "median": 4.9943667949999995,
        "q1": 4.86906844925,
        "q3": 5.1328839235000006,
        "skewness": 0.05426347678818504,
        "kurtosis": -0.09937547457042006
      },
      "Yeast (kg)": {
        "mean": 2.003527607312,
        "std": 0.098577109073761,
        "min": 1.701806809,
        "max": 2.299873411,
        "median": 2.0047626875,
        "q1": 1.93574067775,
        "q3": 2.0712824405,
        "skewness": -0.042978271571238694,
        "kurtosis": -0.19037889631003146
      },
      "Salt (kg)": {
        "mean": 0.9983640136826668,
        "std": 0.04969911274248862,
        "min": 0.852287553,
        "max": 1.18437334,
        "median": 0.9976713305,
        "q1": 0.96499165375,
        "q3": 1.03252029375,
        "skewness": 0.08262565495338553,
        "kurtosis": 0.14514488282468907
      },
      "Water Temp (C)": {
        "mean": 26.494856404333337,
        "std": 0.9189316945029772,
        "min": 24.42534319,
        "max": 28.64318186,
        "median": 26.492239865000002,
        "q1": 25.7464275425,
        "q3": 27.2403342975,
        "skewness": 0.0006184060264148367,
        "kurtosis": -0.9527095294399546
      },
      "Mixer Speed (RPM)": {
        "mean": 150.18385843773333,
        "std": 14.514062515010993,
        "min": 128.1238161,
        "max": 171.8847806,
        "median": 151.31075650000002,
        "q1": 135.285093375,
        "q3": 164.72630085,
        "skewness": -0.03420100724995591,
        "kurtosis": -1.54659096060688
      },
      "Mixing Temp (C)": {
        "mean": 37.94178513094,
        "std": 1.8196114257159341,
        "min": 33.74621715,
        "max": 41.7386198,
        "median": 37.985936034999995,
        "q1": 36.4422396325,
        "q3": 39.43184673,
        "skewness": -0.031605776063767334,
        "kurtosis": -1.014685553530178
      },
      "Fermentation Temp (C)": {
        "mean": 36.999412180933334,
        "std": 0.1973631599624553,
        "min": 36.35169723,
        "max": 37.68372244,
        "median": 37.000910965,
        "q1": 36.865378435,
        "q3": 37.1294047775,
        "skewness": 0.07823931261003629,
        "kurtosis": 0.01703414872313802
      },
      "Oven Temp (C)": {
        "mean": 179.97395072466668,
        "std": 1.0088467969210504,
        "min": 176.7960607,
        "max": 182.7359602,
        "median": 179.9899997,
        "q1": 179.303823775,
        "q3": 180.6757437,
        "skewness": -0.07920821202513581,
        "kurtosis": -0.1624102157453997
      },
      "Oven Humidity (%)": {
        "mean": 45.00012552800667,
        "std": 1.01394621065096,
        "min": 40.94594992,
        "max": 48.31768705,
        "median": 45.013561034999995,
        "q1": 44.277801357499996,
        "q3": 45.70642394,
        "skewness": -0.05227125381729858,
        "kurtosis": -0.1463519867546048
      }
    },
    "quality_data": {
      "Batch_ID": {
        "mean": 13.0,
        "std": 7.359800721939872,
        "min": 1.0,
        "max": 25.0,
        "median": 13.0
      },
      "Final_Weight": {
        "mean": 45.1276,
        "std": 0.9029317065352546,
        "min": 43.45,
        "max": 46.72,
        "median": 45.09
      },
      "Quality_Score": {
        "mean": 93.7652,
        "std": 1.678970716441079,
        "min": 90.54,
        "max": 97.62,
        "median": 93.6
      }
    }
  },
  "data_quality_score": 1.0,
  "recommendations": []
}