{
  "method": "combined",
  "timestamp": "2025-08-24T13:59:19.808963",
  "outlier_counts": {
    "total": 41,
    "Batch_ID": 41,
    "Time": 41,
    "Flour (kg)": 41,
    "Sugar (kg)": 41,
    "Yeast (kg)": 41,
    "Salt (kg)": 41,
    "Water Temp (C)": 41,
    "Mixer Speed (RPM)": 41,
    "Mixing Temp (C)": 41,
    "Fermentation Temp (C)": 41,
    "Oven Temp (C)": 41,
    "Oven Humidity (%)": 41
  },
  "outlier_indices": {
    "all": [
      0,
      1,
      135,
      263,
      16,
      17,
      149,
      155,
      284,
      157,
      158,
      163,
      294,
      298,
      174,
      175,
      177,
      178,
      183,
      184,
      57,
      58,
      60,
      189,
      64,
      202,
      75,
      207,
      89,
      218,
      221,
      95,
      102,
      232,
      241,
      243,
      244,
      117,
      118,
      122,
      254
    ]
  },
  "outlier_percentages": {
    "total": 13.666666666666666,
    "Batch_ID": 13.666666666666666,
    "Time": 13.666666666666666,
    "Flour (kg)": 13.666666666666666,
    "Sugar (kg)": 13.666666666666666,
    "Yeast (kg)": 13.666666666666666,
    "Salt (kg)": 13.666666666666666,
    "Water Temp (C)": 13.666666666666666,
    "Mixer Speed (RPM)": 13.666666666666666,
    "Mixing Temp (C)": 13.666666666666666,
    "Fermentation Temp (C)": 13.666666666666666,
    "Oven Temp (C)": 13.666666666666666,
    "Oven Humidity (%)": 13.666666666666666
  },
  "before_after_comparison": {
    "before_cleaning": {
      "total_rows": 300,
      "statistical_summary": {
        "Batch_ID": {
          "count": 300.0,
          "mean": 3.0,
          "std": 1.416576493949657,
          "min": 1.0,
          "25%": 2.0,
          "50%": 3.0,
          "75%": 4.0,
          "max": 5.0
        },
        "Time": {
          "count": 300.0,
          "mean": 29.5,
          "std": 17.347038146077605,
          "min": 0.0,
          "25%": 14.75,
          "50%": 29.5,
          "75%": 44.25,
          "max": 59.0
        },
        "Flour (kg)": {
          "count": 300.0,
          "mean": 9.980018717450001,
          "std": 0.28756771801936043,
          "min": 9.12318736,
          "25%": 9.794009017,
          "50%": 9.977438053,
          "75%": 10.1715146125,
          "max": 10.96263058
        },
        "Sugar (kg)": {
          "count": 300.0,
          "mean": 4.995430482580001,
          "std": 0.19701627422475704,
          "min": 4.372297067,
          "25%": 4.858051754,
          "50%": 4.990699877999999,
          "75%": 5.12826523625,
          "max": 5.559795906
        },
        "Yeast (kg)": {
          "count": 300.0,
          "mean": 1.9963460393699999,
          "std": 0.09921974223958287,
          "min": 1.760534774,
          "25%": 1.92531424225,
          "50%": 2.003013264,
          "75%": 2.0689298797499998,
          "max": 2.221826699
        },
        "Salt (kg)": {
          "count": 300.0,
          "mean": 0.9995361326033333,
          "std": 0.04905517879161494,
          "min": 0.852287553,
          "25%": 0.9631412675,
          "50%": 1.0028107904999999,
          "75%": 1.03359955375,
          "max": 1.14677031
        },
        "Water Temp (C)": {
          "count": 300.0,
          "mean": 26.471289084000006,
          "std": 0.9177877582644436,
          "min": 24.69971119,
          "25%": 25.7076747925,
          "50%": 26.46464215,
          "75%": 27.2078670475,
          "max": 28.41630573
        },
        "Mixer Speed (RPM)": {
          "count": 300.0,
          "mean": 150.19413824233334,
          "std": 14.622529098933732,
          "min": 128.4964022,
          "25%": 135.3944951,
          "50%": 150.8949785,
          "75%": 164.7965443,
          "max": 171.1824753
        },
        "Mixing Temp (C)": {
          "count": 300.0,
          "mean": 37.970295817533334,
          "std": 1.8468019589718947,
          "min": 34.27762958,
          "25%": 36.502354027500004,
          "50%": 38.095805195,
          "75%": 39.433488457500005,
          "max": 41.50951578
        },
        "Fermentation Temp (C)": {
          "count": 300.0,
          "mean": 36.981290801233335,
          "std": 0.19182411164500573,
          "min": 36.35169723,
          "25%": 36.8504950125,
          "50%": 36.993758185000004,
          "75%": 37.105135159999996,
          "max": 37.54779883
        },
        "Oven Temp (C)": {
          "count": 300.0,
          "mean": 179.98676584733334,
          "std": 1.0567470621118664,
          "min": 177.0878656,
          "25%": 179.31307162500002,
          "50%": 180.00558575000002,
          "75%": 180.749450275,
          "max": 182.6378818
        },
        "Oven Humidity (%)": {
          "count": 300.0,
          "mean": 44.951015143333336,
          "std": 1.012126430747551,
          "min": 40.94594992,
          "25%": 44.228579495000005,
          "50%": 44.989238920000005,
          "75%": 45.69935572,
          "max": 47.24089965
        }
      }
    },
    "after_cleaning": {
      "total_rows": 259,
      "rows_removed": 41,
      "removal_percentage": 13.666666666666666,
      "statistical_summary": {
        "Batch_ID": {
          "count": 259.0,
          "mean": 2.9845559845559846,
          "std": 1.4304797047868485,
          "min": 1.0,
          "25%": 2.0,
          "50%": 3.0,
          "75%": 4.0,
          "max": 5.0
        },
        "Time": {
          "count": 259.0,
          "mean": 29.501930501930502,
          "std": 16.723555897000868,
          "min": 0.0,
          "25%": 15.0,
          "50%": 30.0,
          "75%": 44.0,
          "max": 59.0
        },
        "Flour (kg)": {
          "count": 259.0,
          "mean": 9.977971093328186,
          "std": 0.26126109802847286,
          "min": 9.410454476,
          "25%": 9.8074106015,
          "50%": 9.975765417,
          "75%": 10.163856885,
          "max": 10.71757598
        },
        "Sugar (kg)": {
          "count": 259.0,
          "mean": 4.996165933285714,
          "std": 0.18527978744447715,
          "min": 4.526775897,
          "25%": 4.8616300589999994,
          "50%": 4.993544621,
          "75%": 5.126314383,
          "max": 5.44731059
        },
        "Yeast (kg)": {
          "count": 259.0,
          "mean": 1.995202674409266,
          "std": 0.09493537206977964,
          "min": 1.760534774,
          "25%": 1.9270765045,
          "50%": 2.00324952,
          "75%": 2.062261645,
          "max": 2.221826699
        },
        "Salt (kg)": {
          "count": 259.0,
          "mean": 1.0005326955057914,
          "std": 0.04539750015382598,
          "min": 0.892082904,
          "25%": 0.970539563,
          "50%": 1.003447103,
          "75%": 1.032216188,
          "max": 1.099717247
        },
        "Water Temp (C)": {
          "count": 259.0,
          "mean": 26.473663856911198,
          "std": 0.8776881935930474,
          "min": 24.69971119,
          "25%": 25.732080435,
          "50%": 26.46469137,
          "75%": 27.199245075,
          "max": 28.3891845
        },
        "Mixer Speed (RPM)": {
          "count": 259.0,
          "mean": 150.386514569112,
          "std": 14.855150768953415,
          "min": 128.4964022,
          "25%": 134.9598436,
          "50%": 151.3796802,
          "75%": 165.22937795,
          "max": 171.1824753
        },
        "Mixing Temp (C)": {
          "count": 259.0,
          "mean": 37.96792961073359,
          "std": 1.7856073530395584,
          "min": 34.49496327,
          "25%": 36.561337925000004,
          "50%": 38.07972727,
          "75%": 39.394113655,
          "max": 41.31084794
        },
        "Fermentation Temp (C)": {
          "count": 259.0,
          "mean": 36.98503744926641,
          "std": 0.17251103808622678,
          "min": 36.5654846,
          "25%": 36.85890289,
          "50%": 36.99376865,
          "75%": 37.10339906,
          "max": 37.46493978
        },