{
  "method": "combined",
  "timestamp": "2025-08-24T14:24:52.458734",
  "outlier_counts": {
    "total": 84,
    "Batch_ID": 84,
    "Time": 84,
    "Flour (kg)": 84,
    "Sugar (kg)": 84,
    "Yeast (kg)": 84,
    "Salt (kg)": 84,
    "Water Temp (C)": 84,
    "Mixer Speed (RPM)": 84,
    "Mixing Temp (C)": 84,
    "Fermentation Temp (C)": 84,
    "Oven Temp (C)": 84,
    "Oven Humidity (%)": 84
  },
  "outlier_indices": {
    "all": [
      0,
      1,
      263,
      12,
      524,
      16,
      17,
      534,
      284,
      549,
      564,
      57,
      58,
      60,
      573,
      64,
      577,
      592,
      85,
      598,
      600,
      89,
      346,
      95,
      351,
      608,
      102,
      360,
      622,
      372,
      628,
      118,
      631,
      121,
      384,
      640,
      642,
      387,
      135,
      654,
      658,
      659,
      660,
      661,
      149,
      407,
      155,
      412,
      158,
      419,
      676,
      421,
      166,
      163,
      424,
      680,
      423,
      172,
      174,
      175,
      177,
      178,
      693,
      439,
      184,
      189,
      702,
      447,
      450,
      457,
      714,
      715,
      717,
      718,
      464,
      218,
      477,
      221,
      479,
      231,
      491,
      492,
      237,
      254
    ]
  },
  "outlier_percentages": {
    "total": 11.666666666666666,
    "Batch_ID": 11.666666666666666,
    "Time": 11.666666666666666,
    "Flour (kg)": 11.666666666666666,
    "Sugar (kg)": 11.666666666666666,
    "Yeast (kg)": 11.666666666666666,
    "Salt (kg)": 11.666666666666666,
    "Water Temp (C)": 11.666666666666666,
    "Mixer Speed (RPM)": 11.666666666666666,
    "Mixing Temp (C)": 11.666666666666666,
    "Fermentation Temp (C)": 11.666666666666666,
    "Oven Temp (C)": 11.666666666666666,
    "Oven Humidity (%)": 11.666666666666666
  },
  "before_after_comparison": {
    "before_cleaning": {
      "total_rows": 720,
      "statistical_summary": {
        "Batch_ID": {
          "count": 720.0,
          "mean": 6.5,
          "std": 3.4544522882739397,
          "min": 1.0,
          "25%": 3.75,
          "50%": 6.5,
          "75%": 9.25,
          "max": 12.0
        },
        "Time": {
          "count": 720.0,
          "mean": 29.5,
          "std": 17.33014128448452,
          "min": 0.0,
          "25%": 14.75,
          "50%": 29.5,
          "75%": 44.25,
          "max": 59.0
        },
        "Flour (kg)": {
          "count": 720.0,
          "mean": 9.998118610070833,
          "std": 0.29973562387731945,
          "min": 8.872769404,
          "25%": 9.79790875575,
          "50%": 9.9905292455,
          "75%": 10.195395725000001,
          "max": 10.9952749
        },
        "Sugar (kg)": {
          "count": 720.0,
          "mean": 5.002905110463889,
          "std": 0.19224192764728965,
          "min": 4.372297067,
          "25%": 4.86568110325,
          "50%": 4.9938215505,
          "75%": 5.138370768250001,
          "max": 5.559795906
        },
        "Yeast (kg)": {
          "count": 720.0,
          "mean": 2.004935095972222,
          "std": 0.1032622790243548,
          "min": 1.704617651,
          "25%": 1.93640368425,
          "50%": 2.0057685395,
          "75%": 2.07669331325,
          "max": 2.285362258
        },
        "Salt (kg)": {
          "count": 720.0,
          "mean": 0.9983298380791666,
          "std": 0.05023289054253077,
          "min": 0.852287553,
          "25%": 0.9627007627499999,
          "50%": 0.9989606525,
          "75%": 1.034338792,
          "max": 1.14677031
        },
        "Water Temp (C)": {
          "count": 720.0,
          "mean": 26.47775772620833,
          "std": 0.9215281254804355,
          "min": 24.42534319,
          "25%": 25.70099545,
          "50%": 26.486872865000002,
          "75%": 27.2316639175,
          "max": 28.41630573
        },
        "Mixer Speed (RPM)": {
          "count": 720.0,
          "mean": 150.20256133402776,
          "std": 14.56338969253359,
          "min": 128.4964022,
          "25%": 135.424217575,
          "50%": 151.23791755000002,
          "75%": 164.894307325,
          "max": 171.3974763
        },
        "Mixing Temp (C)": {
          "count": 720.0,
          "mean": 37.92605945947222,
          "std": 1.852542913344085,
          "min": 33.74621715,
          "25%": 36.4021251425,
          "50%": 37.97971175,
          "75%": 39.4730332475,
          "max": 41.7386198
        },
        "Fermentation Temp (C)": {
          "count": 720.0,
          "mean": 36.98906878540277,
          "std": 0.19687764475323163,
          "min": 36.35169723,
          "25%": 36.8552939725,
          "50%": 36.99577378,
          "75%": 37.115045955,
          "max": 37.68372244
        },
        "Oven Temp (C)": {
          "count": 720.0,
          "mean": 179.95609520291666,
          "std": 1.0224283053710552,
          "min": 176.9900589,
          "25%": 179.26106092499998,
          "50%": 179.984941,
          "75%": 180.65817420000002,
          "max": 182.7359602
        },
        "Oven Humidity (%)": {
          "count": 720.0,
          "mean": 44.984348819888886,
          "std": 1.0187532765953031,
          "min": 40.94594992,
          "25%": 44.2332769775,
          "50%": 45.032514485,
          "75%": 45.70642394,
          "max": 48.06750211
        }
      }
    },
    "after_cleaning": {
      "total_rows": 636,
      "rows_removed": 84,
      "removal_percentage": 11.666666666666666,
      "statistical_summary": {
        "Batch_ID": {
          "count": 636.0,
          "mean": 6.473270440251572,
          "std": 3.4152381080417964,
          "min": 1.0,
          "25%": 4.0,
          "50%": 6.0,
          "75%": 9.0,
          "max": 12.0
        },
        "Time": {
          "count": 636.0,
          "mean": 29.105345911949687,
          "std": 16.90771346237645,
          "min": 0.0,
          "25%": 14.75,
          "50%": 29.0,
          "75%": 44.0,
          "max": 59.0
        },
        "Flour (kg)": {
          "count": 636.0,
          "mean": 10.000366222026729,
          "std": 0.2818771019057634,
          "min": 9.256995533,
          "25%": 9.80949147275,
          "50%": 9.9900053015,
          "75%": 10.195071227500001,
          "max": 10.78977423
        },
        "Sugar (kg)": {
          "count": 636.0,
          "mean": 5.000236536097485,
          "std": 0.18414460817753003,
          "min": 4.50286724,
          "25%": 4.8701451135000005,
          "50%": 4.993199531,
          "75%": 5.12715296075,
          "max": 5.541323659
        },
        "Yeast (kg)": {
          "count": 636.0,
          "mean": 2.007665238562893,
          "std": 0.09723448173377391,
          "min": 1.729459637,
          "25%": 1.9441779165000002,
          "50%": 2.008185564,
          "75%": 2.0760116115000002,
          "max": 2.265707609
        },
        "Salt (kg)": {
          "count": 636.0,
          "mean": 0.9973850314103775,
          "std": 0.04755284527264466,
          "min": 0.875326474,
          "25%": 0.9636116745000001,
          "50%": 0.9989606525,
          "75%": 1.0322535255,
          "max": 1.108625279
        },
        "Water Temp (C)": {
          "count": 636.0,
          "mean": 26.45931244896226,
          "std": 0.891991361423422,
          "min": 24.62697071,
          "25%": 25.7201820875,
          "50%": 26.46464215,
          "75%": 27.203034645000002,
          "max": 28.38198346
        },
        "Mixer Speed (RPM)": {
          "count": 636.0,
          "mean": 150.5327951168239,
          "std": 14.668905556806557,
          "min": 128.4964022,
          "25%": 135.194806625,
          "50%": 152.3654788,
          "75%": 165.08705987500002,
          "max": 171.3974763
        },
        "Mixing Temp (C)": {
          "count": 636.0,
          "mean": 37.882368999528296,
          "std": 1.7915986678092026,